INC12915533,2026-07-06 14:47:59.414517,"ERROR: Page.goto: Navigation to ""https://servicenow.i.mercedes-benz.com/incident.do?sys_id=592bedb9c37583545ca15030a0013193"" is interrupted by another navigation to ""https://authenticator.pingone.eu/pingid/ppm/auth""
Call log:
  - navigating to ""https://servicenow.i.mercedes-benz.com/incident.do?sys_id=592bedb9c37583545ca15030a0013193"", waiting until ""load""
"
INC12924950,2026-07-06 14:48:14,SUCCESS
INC12925284,2026-07-06 14:48:29,SUCCESS
INC12926001,2026-07-06 14:48:45,SUCCESS
INC12926065,2026-07-06 14:49:03,SUCCESS
INC12926232,2026-07-06 14:49:22,SUCCESS
INC12926857,2026-07-06 14:49:40,SUCCESS
INC12927102,2026-07-06 14:49:56,SUCCESS
INC12927213,2026-07-06 14:50:14,SUCCESS
INC12927404,2026-07-06 14:50:30,SUCCESS
INC12927562,2026-07-06 14:50:46,SUCCESS
INC12927251,2026-07-06 14:51:02,SUCCESS
INC12920775,2026-07-06 14:51:20,SUCCESS
INC12899293,2026-07-06 14:51:38,SUCCESS
INC12907698,2026-07-06 14:51:54,SUCCESS
INC12920926,2026-07-06 14:52:09,SUCCESS
INC12930970,2026-07-06 14:52:28,SUCCESS
INC12931391,2026-07-06 14:52:47,SUCCESS
INC12932222,2026-07-06 14:53:02,SUCCESS
INC12932249,2026-07-06 14:53:21,SUCCESS
INC12932297,2026-07-06 14:53:39,SUCCESS
INC12932121,2026-07-06 14:53:56,SUCCESS
INC12934112,2026-07-06 14:54:11,SUCCESS
INC12934238,2026-07-06 14:54:29,SUCCESS
INC12934662,2026-07-06 14:54:44,SUCCESS
INC12934964,2026-07-06 14:55:02,SUCCESS
INC12935155,2026-07-06 14:55:19,SUCCESS
INC12935518,2026-07-06 14:55:35,SUCCESS
INC12932643,2026-07-06 14:55:55,SUCCESS
INC12934455,2026-07-06 14:56:11,SUCCESS
INC12936011,2026-07-06 14:56:30,SUCCESS
INC12865286,2026-07-06 14:56:48,SUCCESS
INC12936653,2026-07-06 14:57:03,SUCCESS
INC12927852,2026-07-06 14:57:20,SUCCESS
INC12937111,2026-07-06 14:57:35,SUCCESS
INC12936887,2026-07-06 14:57:51,SUCCESS
INC12928078,2026-07-06 14:58:08,SUCCESS
INC12937321,2026-07-06 14:58:25,SUCCESS
INC12937487,2026-07-06 14:58:43,SUCCESS
INC12935517,2026-07-06 14:59:00,SUCCESS
INC12913894,2026-07-06 14:59:18,SUCCESS
INC12831391,2026-07-06 14:59:37,SUCCESS
INC12939615,2026-07-06 14:59:55,SUCCESS
INC12748059,2026-07-06 15:00:13,SUCCESS
INC12940189,2026-07-06 15:00:31,SUCCESS
INC12940723,2026-07-06 15:00:51,SUCCESS
INC12940524,2026-07-06 15:01:06,SUCCESS
INC12941261,2026-07-06 15:01:22,SUCCESS
INC12941404,2026-07-06 15:01:40,SUCCESS
INC12941861,2026-07-06 15:01:54,SUCCESS
INC12942648,2026-07-06 15:02:10,SUCCESS
INC12942759,2026-07-06 15:02:28,SUCCESS
INC12940916,2026-07-06 15:02:45,SUCCESS
INC12938419,2026-07-06 15:03:05,SUCCESS
INC12944142,2026-07-06 15:03:23,SUCCESS
INC12907473,2026-07-06 15:03:39,SUCCESS
INC12920421,2026-07-06 15:03:57,SUCCESS
INC12923745,2026-07-06 15:04:16,SUCCESS
INC12945068,2026-07-06 15:04:30,SUCCESS
INC12945348,2026-07-06 15:04:46,SUCCESS
INC12935421,2026-07-06 15:05:01,SUCCESS
INC12934406,2026-07-06 15:05:21,SUCCESS
INC12945931,2026-07-06 15:05:39,SUCCESS
INC12945936,2026-07-06 15:05:54,SUCCESS
INC12946002,2026-07-06 15:06:09,SUCCESS
INC12946047,2026-07-06 15:06:26,SUCCESS
INC12925473,2026-07-06 15:06:43,SUCCESS
INC12945671,2026-07-06 15:06:59,SUCCESS
