INC12432608,2026-04-17 10:31:09,SUCCESS
INC12432616,2026-04-17 10:31:35,SUCCESS
INC12422942,2026-04-17 10:32:03,SUCCESS
INC12433025,2026-04-17 10:32:31,SUCCESS
INC12433442,2026-04-17 10:33:01,SUCCESS
INC12433595,2026-04-17 10:33:30,SUCCESS
INC12433930,2026-04-17 10:33:59,SUCCESS
INC12434317,2026-04-17 10:34:24,SUCCESS
INC12432004,2026-04-17 10:34:52,SUCCESS
INC12419373,2026-04-17 10:35:19,SUCCESS
INC12311694,2026-04-17 10:35:46,SUCCESS
INC12435846,2026-04-17 10:36:16,SUCCESS
INC12419980,2026-04-17 10:36:40,SUCCESS
INC12436248,2026-04-17 10:37:06,SUCCESS
INC12436669,2026-04-17 10:37:37,SUCCESS
INC12437209,2026-04-17 10:38:03,SUCCESS
INC12437258,2026-04-17 10:38:28,SUCCESS
INC12437442,2026-04-17 10:38:56,SUCCESS
INC12437577,2026-04-17 10:39:24,SUCCESS
INC12438575,2026-04-17 10:39:49,SUCCESS
INC12438928,2026-04-17 10:40:16,SUCCESS
INC12439364,2026-04-17 10:40:49,SUCCESS
INC12394406,2026-04-17 10:41:19,SUCCESS
INC12440255,2026-04-17 10:41:44,SUCCESS
INC12441554,2026-04-17 10:42:18,SUCCESS
INC12441917,2026-04-17 10:42:46,SUCCESS
INC12442040,2026-04-17 10:43:17,SUCCESS
INC12437510,2026-04-17 10:43:48,SUCCESS
INC12441401,2026-04-17 10:44:22,SUCCESS
INC12442698,2026-04-17 10:44:54,SUCCESS
INC12442835,2026-04-17 10:45:21,SUCCESS
INC12442398,2026-04-17 10:45:50,SUCCESS
INC12442720,2026-04-17 10:46:17,SUCCESS
INC12443567,2026-04-17 10:46:42,SUCCESS
INC12443751,2026-04-17 10:47:13,SUCCESS
